281,,,,,,,,,,,,,,,,,,,,,,,,,,,,,,,,,,,,,,,,,,,,,,,
47,ccm_th1,ccm_th2,ccm_a00,ccm_a01,ccm_a02,ccm_a10,ccm_a11,ccm_a12,ccm_a20,ccm_a21,ccm_a22,ccm_off_r,ccm_off_g,ccm_off_b,ccm_decimal,protect_range,min_gain,clip_level,lut_bccm0,lut_bccm1,lut_bccm2,lut_bccm3,lut_bccm4,lut_bccm5,lut_bccm6,lut_bccm7,lut_bccm8,lut_bccm9,lut_bccm10,lut_bccm11,lut_bccm12,lut_bccm13,lut_bccm14,lut_bccm15,lut_bccm16,tr_first_tile_width,tr_first_tile_height,out_line_offset,out_line_num,RawHsize,RawVsize,SrcHbase,SrcVbase,SrcHsize,SrcVsize,DestHsize,DestVsize
pattern_00001,1,1,1,1,1,1,1,1,1,1,1,1,1,1,0,0,0,65,0,0,0,0,0,0,0,0,0,0,0,0,0,0,0,0,0,1279,2111,1279,2111,1280,2112,0,0,1280,2112,1280,2112
pattern_00002,1,1,1,1,1,1,1,1,1,1,1,5461,5461,5461,0,0,0,2048,255,255,255,255,255,255,255,255,255,255,255,255,255,255,255,255,255,1279,2111,1279,2111,1280,2112,0,0,1280,2112,1280,2112
pattern_00003,1,1,1,1,1,1,1,1,1,1,1,8191,8191,8191,0,0,0,4094,191,214,205,214,183,117,202,230,206,50,78,193,138,75,64,163,142,1279,2111,1279,2111,1280,2112,0,0,1280,2112,1280,2112
pattern_00004,1,1,1365,1365,1365,1365,1365,1365,1365,1365,1365,1,1,1,0,0,1,66,164,166,181,184,70,164,228,159,87,15,197,15,4,236,138,223,103,1279,2111,1279,2111,1280,2112,0,0,1280,2112,1280,2112
pattern_00005,1,1,1365,1365,1365,1365,1365,1365,1365,1365,1365,5461,5461,5461,0,0,1,2049,248,207,107,242,171,29,118,209,24,39,28,198,214,154,60,254,131,1279,2111,1279,2111,1280,2112,0,0,1280,2112,1280,2112
pattern_00006,1,1,1365,1365,1365,1365,1365,1365,1365,1365,1365,8191,8191,8191,0,0,1,4093,3,51,42,19,22,31,187,64,122,58,235,166,24,43,143,47,48,1279,2111,1279,2111,1280,2112,0,0,1280,2112,1280,2112
pattern_00007,1,1,2047,2047,2047,2047,2047,2047,2047,2047,2047,1,1,1,0,0,2,67,110,177,171,47,122,45,193,164,54,17,5,140,160,55,215,62,5,1279,2111,1279,2111,1280,2112,0,0,1280,2112,1280,2112
pattern_00008,1,1,2047,2047,2047,2047,2047,2047,2047,2047,2047,5461,5461,5461,0,0,2,2050,236,183,211,224,225,13,49,230,231,90,10,255,250,224,214,84,245,1279,2111,1279,2111,1280,2112,0,0,1280,2112,1280,2112
pattern_00009,1,1,2047,2047,2047,2047,2047,2047,2047,2047,2047,8191,8191,8191,0,0,2,4092,209,82,22,222,223,142,156,241,136,234,107,2,159,64,120,132,108,1279,2111,1279,2111,1280,2112,0,0,1280,2112,1280,2112
pattern_00010,1,170,1,1,1,1,1,1,1,1,1,1,1,1,0,1,0,129,19,110,208,173,165,16,205,221,151,144,84,215,30,250,93,22,17,1279,2111,1279,2111,1280,2112,0,0,1280,2112,1280,2112
pattern_00011,1,170,1,1,1,1,1,1,1,1,1,5461,5461,5461,0,1,0,2051,237,59,82,7,33,20,231,162,222,121,214,234,80,103,99,119,38,1279,2111,1279,2111,1280,2112,0,0,1280,2112,1280,2112
pattern_00012,1,170,1,1,1,1,1,1,1,1,1,8191,8191,8191,0,1,0,4091,243,152,74,59,44,109,114,184,80,220,44,239,15,208,166,48,187,1279,2111,1279,2111,1280,2112,0,0,1280,2112,1280,2112
pattern_00013,1,170,1365,1365,1365,1365,1365,1365,1365,1365,1365,1,1,1,0,1,1,130,78,233,113,233,199,164,65,209,191,98,90,232,102,124,164,2,89,1279,2111,1279,2111,1280,2112,0,0,1280,2112,1280,2112
pattern_00014,1,170,1365,1365,1365,1365,1365,1365,1365,1365,1365,5461,5461,5461,0,1,1,2052,184,12,235,82,104,102,199,107,235,31,157,64,225,215,18,114,13,1279,2111,1279,2111,1280,2112,0,0,1280,2112,1280,2112
pattern_00015,1,170,1365,1365,1365,1365,1365,1365,1365,1365,1365,8191,8191,8191,0,1,1,4090,167,0,169,94,48,243,110,129,227,62,74,79,207,154,215,91,169,1279,2111,1279,2111,1280,2112,0,0,1280,2112,1280,2112
pattern_00016,1,170,2047,2047,2047,2047,2047,2047,2047,2047,2047,1,1,1,0,1,2,131,75,171,23,36,253,33,112,103,59,53,17,120,168,245,71,172,209,1279,2111,1279,2111,1280,2112,0,0,1280,2112,1280,2112
pattern_00017,1,170,2047,2047,2047,2047,2047,2047,2047,2047,2047,5461,5461,5461,0,1,2,2053,233,28,93,69,179,64,70,56,78,229,171,205,158,211,90,158,179,1279,2111,1279,2111,1280,2112,0,0,1280,2112,1280,2112
pattern_00018,1,170,2047,2047,2047,2047,2047,2047,2047,2047,2047,8191,8191,8191,0,1,2,4089,28,157,50,124,242,229,4,154,31,192,168,89,21,121,226,84,230,1279,2111,1279,2111,1280,2112,0,0,1280,2112,1280,2112
pattern_00019,1,255,1,1,1,1,1,1,1,1,1,1,1,1,0,2,0,257,80,127,241,69,189,133,105,200,35,140,122,74,113,75,38,114,13,1279,2111,1279,2111,1280,2112,0,0,1280,2112,1280,2112
pattern_00020,1,255,1,1,1,1,1,1,1,1,1,5461,5461,5461,0,2,0,2054,9,23,2,55,91,43,215,10,150,196,144,7,16,231,85,51,81,1279,2111,1279,2111,1280,2112,0,0,1280,2112,1280,2112
pattern_00021,1,255,1,1,1,1,1,1,1,1,1,8191,8191,8191,0,2,0,4088,141,72,140,178,128,82,115,35,11,225,92,32,20,58,125,195,211,1279,2111,1279,2111,1280,2112,0,0,1280,2112,1280,2112
pattern_00022,1,255,1365,1365,1365,1365,1365,1365,1365,1365,1365,1,1,1,0,2,1,258,22,166,98,160,102,108,200,255,17,232,16,34,53,16,104,117,45,1279,2111,1279,2111,1280,2112,0,0,1280,2112,1280,2112
pattern_00023,1,255,1365,1365,1365,1365,1365,1365,1365,1365,1365,5461,5461,5461,0,2,1,2055,255,23,172,216,132,57,198,159,100,246,168,25,97,71,112,210,175,1279,2111,1279,2111,1280,2112,0,0,1280,2112,1280,2112
pattern_00024,1,255,1365,1365,1365,1365,1365,1365,1365,1365,1365,8191,8191,8191,0,2,1,4087,4,2,196,246,86,145,28,217,137,84,155,119,89,134,133,219,189,1279,2111,1279,2111,1280,2112,0,0,1280,2112,1280,2112
pattern_00025,1,255,2047,2047,2047,2047,2047,2047,2047,2047,2047,1,1,1,0,2,2,259,0,0,0,0,0,0,0,0,0,0,0,0,0,0,0,0,0,1279,2111,1279,2111,1280,2112,0,0,1280,2112,1280,2112
pattern_00026,1,255,2047,2047,2047,2047,2047,2047,2047,2047,2047,5461,5461,5461,0,2,2,2056,255,255,255,255,255,255,255,255,255,255,255,255,255,255,255,255,255,1279,2111,1279,2111,1280,2112,0,0,1280,2112,1280,2112
pattern_00027,1,255,2047,2047,2047,2047,2047,2047,2047,2047,2047,8191,8191,8191,0,2,2,4086,169,39,146,51,143,217,105,110,84,154,211,32,33,158,37,46,234,1279,2111,1279,2111,1280,2112,0,0,1280,2112,1280,2112
pattern_00028,170,1,1,1,1,1,1,1,1,1,1,1,1,1,1,0,0,68,229,104,65,229,154,87,6,233,153,228,53,17,251,211,111,125,49,1279,2111,1279,2111,1280,2112,0,0,1280,2112,1280,2112
pattern_00029,170,1,1,1,1,1,1,1,1,1,1,5461,5461,5461,1,0,0,2057,218,171,157,177,39,147,79,0,7,40,231,14,56,99,158,167,215,1279,2111,1279,2111,1280,2112,0,0,1280,2112,1280,2112
pattern_00030,170,1,1,1,1,1,1,1,1,1,1,8191,8191,8191,1,0,0,4085,123,216,1,67,215,189,247,169,243,244,140,249,160,38,112,35,99,1279,2111,1279,2111,1280,2112,0,0,1280,2112,1280,2112
pattern_00031,170,1,1365,1365,1365,1365,1365,1365,1365,1365,1365,1,1,1,1,0,1,69,243,118,126,118,10,86,250,254,143,15,109,201,145,69,12,168,236,1279,2111,1279,2111,1280,2112,0,0,1280,2112,1280,2112
pattern_00032,170,1,1365,1365,1365,1365,1365,1365,1365,1365,1365,5461,5461,5461,1,0,1,2058,53,247,8,138,56,224,17,34,116,169,153,218,201,12,235,50,14,1279,2111,1279,2111,1280,2112,0,0,1280,2112,1280,2112
pattern_00033,170,1,1365,1365,1365,1365,1365,1365,1365,1365,1365,8191,8191,8191,1,0,1,4084,254,184,126,141,205,98,44,2,47,169,178,88,129,132,152,17,122,1279,2111,1279,2111,1280,2112,0,0,1280,2112,1280,2112
pattern_00034,170,1,2047,2047,2047,2047,2047,2047,2047,2047,2047,1,1,1,1,0,2,70,207,133,199,229,135,194,171,8,255,24,210,114,143,233,63,236,42,1279,2111,1279,2111,1280,2112,0,0,1280,2112,1280,2112
pattern_00035,170,1,2047,2047,2047,2047,2047,2047,2047,2047,2047,5461,5461,5461,1,0,2,2059,51,112,152,127,134,219,167,204,155,98,39,127,212,139,250,159,72,1279,2111,1279,2111,1280,2112,0,0,1280,2112,1280,2112
pattern_00036,170,1,2047,2047,2047,2047,2047,2047,2047,2047,2047,8191,8191,8191,1,0,2,4083,207,7,215,17,218,23,57,28,255,174,218,213,83,39,207,197,31,1279,2111,1279,2111,1280,2112,0,0,1280,2112,1280,2112
pattern_00037,170,170,1,1,1,1,1,1,1,1,1,1,1,1,1,1,0,132,220,94,2,203,55,112,202,199,248,131,128,52,74,219,152,163,52,1279,2111,1279,2111,1280,2112,0,0,1280,2112,1280,2112
pattern_00038,170,170,1,1,1,1,1,1,1,1,1,5461,5461,5461,1,1,0,2060,82,84,126,6,134,239,214,171,245,203,66,168,89,199,210,39,208,1279,2111,1279,2111,1280,2112,0,0,1280,2112,1280,2112
pattern_00039,170,170,1,1,1,1,1,1,1,1,1,8191,8191,8191,1,1,0,4082,40,154,176,133,210,80,47,178,27,51,133,231,174,24,20,229,240,1279,2111,1279,2111,1280,2112,0,0,1280,2112,1280,2112
pattern_00040,170,170,1365,1365,1365,1365,1365,1365,1365,1365,1365,1,1,1,1,1,1,133,156,99,145,75,190,96,75,190,93,154,137,91,157,204,151,177,99,1279,2111,1279,2111,1280,2112,0,0,1280,2112,1280,2112
pattern_00041,170,170,1365,1365,1365,1365,1365,1365,1365,1365,1365,5461,5461,5461,1,1,1,2061,54,82,170,21,58,125,82,145,230,134,204,55,41,239,130,162,20,1279,2111,1279,2111,1280,2112,0,0,1280,2112,1280,2112
pattern_00042,170,170,1365,1365,1365,1365,1365,1365,1365,1365,1365,8191,8191,8191,1,1,1,4081,148,165,183,104,207,208,250,251,58,177,71,119,10,245,22,22,134,1279,2111,1279,2111,1280,2112,0,0,1280,2112,1280,2112
pattern_00043,170,170,2047,2047,2047,2047,2047,2047,2047,2047,2047,1,1,1,1,1,2,134,36,121,175,74,75,45,71,43,191,29,10,205,136,136,161,186,82,1279,2111,1279,2111,1280,2112,0,0,1280,2112,1280,2112
pattern_00044,170,170,2047,2047,2047,2047,2047,2047,2047,2047,2047,5461,5461,5461,1,1,2,2062,16,198,187,67,137,21,19,220,67,6,2,17,79,23,31,155,50,1279,2111,1279,2111,1280,2112,0,0,1280,2112,1280,2112
pattern_00045,170,170,2047,2047,2047,2047,2047,2047,2047,2047,2047,8191,8191,8191,1,1,2,4080,45,240,84,128,24,82,104,155,1,44,143,55,110,215,211,122,87,1279,2111,1279,2111,1280,2112,0,0,1280,2112,1280,2112
pattern_00046,170,255,1,1,1,1,1,1,1,1,1,1,1,1,1,2,0,260,72,211,249,40,19,22,101,156,151,141,46,48,212,192,113,14,135,1279,2111,1279,2111,1280,2112,0,0,1280,2112,1280,2112
pattern_00047,170,255,1,1,1,1,1,1,1,1,1,5461,5461,5461,1,2,0,2063,47,174,159,86,229,29,94,165,56,248,162,101,117,174,68,143,93,1279,2111,1279,2111,1280,2112,0,0,1280,2112,1280,2112
pattern_00048,170,255,1,1,1,1,1,1,1,1,1,8191,8191,8191,1,2,0,4079,161,165,4,1,210,233,244,194,25,21,111,196,197,223,80,223,19,1279,2111,1279,2111,1280,2112,0,0,1280,2112,1280,2112
pattern_00049,170,255,1365,1365,1365,1365,1365,1365,1365,1365,1365,1,1,1,1,2,1,261,0,0,0,0,0,0,0,0,0,0,0,0,0,0,0,0,0,1279,2111,1279,2111,1280,2112,0,0,1280,2112,1280,2112
pattern_00050,170,255,1365,1365,1365,1365,1365,1365,1365,1365,1365,5461,5461,5461,1,2,1,2064,255,255,255,255,255,255,255,255,255,255,255,255,255,255,255,255,255,1279,2111,1279,2111,1280,2112,0,0,1280,2112,1280,2112
pattern_00051,170,255,1365,1365,1365,1365,1365,1365,1365,1365,1365,8191,8191,8191,1,2,1,4078,211,161,70,144,29,39,106,61,180,153,96,167,111,188,175,22,154,1279,2111,1279,2111,1280,2112,0,0,1280,2112,1280,2112
pattern_00052,170,255,2047,2047,2047,2047,2047,2047,2047,2047,2047,1,1,1,1,2,2,262,110,210,99,105,172,110,123,207,68,157,161,10,71,171,183,163,36,1279,2111,1279,2111,1280,2112,0,0,1280,2112,1280,2112
pattern_00053,170,255,2047,2047,2047,2047,2047,2047,2047,2047,2047,5461,5461,5461,1,2,2,2065,44,142,57,171,123,207,174,54,177,92,193,89,110,63,46,78,10,1279,2111,1279,2111,1280,2112,0,0,1280,2112,1280,2112
pattern_00054,170,255,2047,2047,2047,2047,2047,2047,2047,2047,2047,8191,8191,8191,1,2,2,4077,95,144,3,95,14,163,131,57,133,42,197,99,51,15,189,87,93,1279,2111,1279,2111,1280,2112,0,0,1280,2112,1280,2112
pattern_00055,255,1,1,1,1,1,1,1,1,1,1,1,1,1,0,0,0,71,29,142,156,103,91,169,225,74,27,223,147,179,92,92,107,175,10,1279,2111,1279,2111,1280,2112,0,0,1280,2112,1280,2112
pattern_00056,255,1,1,1,1,1,1,1,1,1,1,5461,5461,5461,0,0,0,2066,51,224,9,129,163,24,75,138,101,133,4,85,255,50,136,118,180,1279,2111,1279,2111,1280,2112,0,0,1280,2112,1280,2112
pattern_00057,255,1,1,1,1,1,1,1,1,1,1,8191,8191,8191,0,0,0,4076,2,199,203,71,251,118,197,47,210,77,26,32,227,44,169,152,6,1279,2111,1279,2111,1280,2112,0,0,1280,2112,1280,2112
pattern_00058,255,1,1365,1365,1365,1365,1365,1365,1365,1365,1365,1,1,1,0,0,1,72,176,181,179,169,24,146,42,185,23,196,119,246,133,142,185,96,74,1279,2111,1279,2111,1280,2112,0,0,1280,2112,1280,2112
pattern_00059,255,1,1365,1365,1365,1365,1365,1365,1365,1365,1365,5461,5461,5461,0,0,1,2067,119,162,241,176,88,119,87,249,97,48,117,20,30,192,180,124,14,1279,2111,1279,2111,1280,2112,0,0,1280,2112,1280,2112
pattern_00060,255,1,1365,1365,1365,1365,1365,1365,1365,1365,1365,8191,8191,8191,0,0,1,4075,200,105,192,86,37,32,190,50,217,81,25,158,142,122,146,71,158,1279,2111,1279,2111,1280,2112,0,0,1280,2112,1280,2112
pattern_00061,255,1,2047,2047,2047,2047,2047,2047,2047,2047,2047,1,1,1,0,0,2,73,118,107,180,41,148,65,214,49,161,42,79,181,110,96,233,49,189,1279,2111,1279,2111,1280,2112,0,0,1280,2112,1280,2112
pattern_00062,255,1,2047,2047,2047,2047,2047,2047,2047,2047,2047,5461,5461,5461,0,0,2,2068,79,203,184,35,119,184,154,34,136,226,214,248,94,19,52,184,23,1279,2111,1279,2111,1280,2112,0,0,1280,2112,1280,2112
pattern_00063,255,1,2047,2047,2047,2047,2047,2047,2047,2047,2047,8191,8191,8191,0,0,2,4074,3,102,218,243,131,10,62,78,104,90,69,207,113,78,15,81,96,1279,2111,1279,2111,1280,2112,0,0,1280,2112,1280,2112
pattern_00064,255,170,1,1,1,1,1,1,1,1,1,1,1,1,0,1,0,135,63,25,246,93,231,195,110,172,174,20,170,95,143,154,40,124,81,1279,2111,1279,2111,1280,2112,0,0,1280,2112,1280,2112
pattern_00065,255,170,1,1,1,1,1,1,1,1,1,5461,5461,5461,0,1,0,2069,218,187,231,194,40,106,54,57,212,219,96,48,142,108,105,75,203,1279,2111,1279,2111,1280,2112,0,0,1280,2112,1280,2112
pattern_00066,255,170,1,1,1,1,1,1,1,1,1,8191,8191,8191,0,1,0,4073,23,47,106,219,19,254,246,26,205,188,110,237,158,173,193,121,158,1279,2111,1279,2111,1280,2112,0,0,1280,2112,1280,2112
pattern_00067,255,170,1365,1365,1365,1365,1365,1365,1365,1365,1365,1,1,1,0,1,1,136,166,0,42,165,194,185,115,26,3,164,43,55,49,27,9,113,87,1279,2111,1279,2111,1280,2112,0,0,1280,2112,1280,2112
pattern_00068,255,170,1365,1365,1365,1365,1365,1365,1365,1365,1365,5461,5461,5461,0,1,1,2070,100,180,36,22,208,123,234,245,202,93,30,94,212,229,137,233,98,1279,2111,1279,2111,1280,2112,0,0,1280,2112,1280,2112
pattern_00069,255,170,1365,1365,1365,1365,1365,1365,1365,1365,1365,8191,8191,8191,0,1,1,4072,109,133,0,241,104,39,114,62,213,214,7,143,45,122,132,63,168,1279,2111,1279,2111,1280,2112,0,0,1280,2112,1280,2112
pattern_00070,255,170,2047,2047,2047,2047,2047,2047,2047,2047,2047,1,1,1,0,1,2,137,220,147,7,92,112,168,184,15,60,117,172,144,1,125,152,112,181,1279,2111,1279,2111,1280,2112,0,0,1280,2112,1280,2112
pattern_00071,255,170,2047,2047,2047,2047,2047,2047,2047,2047,2047,5461,5461,5461,0,1,2,2071,8,138,166,21,110,248,196,74,13,187,64,41,1,50,135,36,98,1279,2111,1279,2111,1280,2112,0,0,1280,2112,1280,2112
pattern_00072,255,170,2047,2047,2047,2047,2047,2047,2047,2047,2047,8191,8191,8191,0,1,2,4071,57,204,128,70,198,239,15,168,134,144,87,255,211,234,205,197,70,1279,2111,1279,2111,1280,2112,0,0,1280,2112,1280,2112
pattern_00073,255,255,1,1,1,1,1,1,1,1,1,1,1,1,0,2,0,263,0,0,0,0,0,0,0,0,0,0,0,0,0,0,0,0,0,1279,2111,1279,2111,1280,2112,0,0,1280,2112,1280,2112
pattern_00074,255,255,1,1,1,1,1,1,1,1,1,5461,5461,5461,0,2,0,2072,255,255,255,255,255,255,255,255,255,255,255,255,255,255,255,255,255,1279,2111,1279,2111,1280,2112,0,0,1280,2112,1280,2112
pattern_00075,255,255,1,1,1,1,1,1,1,1,1,8191,8191,8191,0,2,0,4070,18,22,215,40,178,210,46,88,197,45,117,119,29,56,122,212,77,1279,2111,1279,2111,1280,2112,0,0,1280,2112,1280,2112
pattern_00076,255,255,1365,1365,1365,1365,1365,1365,1365,1365,1365,1,1,1,0,2,1,264,116,23,81,108,27,154,181,107,104,13,218,127,72,25,15,104,182,1279,2111,1279,2111,1280,2112,0,0,1280,2112,1280,2112
pattern_00077,255,255,1365,1365,1365,1365,1365,1365,1365,1365,1365,5461,5461,5461,0,2,1,2073,7,121,47,162,129,250,24,129,89,12,123,164,196,153,192,220,244,1279,2111,1279,2111,1280,2112,0,0,1280,2112,1280,2112
pattern_00078,255,255,1365,1365,1365,1365,1365,1365,1365,1365,1365,8191,8191,8191,0,2,1,4069,23,113,78,81,67,111,110,114,26,169,56,28,91,145,166,214,77,1279,2111,1279,2111,1280,2112,0,0,1280,2112,1280,2112
pattern_00079,255,255,2047,2047,2047,2047,2047,2047,2047,2047,2047,1,1,1,0,2,2,265,43,3,170,12,189,188,201,213,208,247,206,166,137,108,11,60,39,1279,2111,1279,2111,1280,2112,0,0,1280,2112,1280,2112
pattern_00080,255,255,2047,2047,2047,2047,2047,2047,2047,2047,2047,5461,5461,5461,0,2,2,2074,5,173,155,196,220,139,234,128,134,117,123,97,255,135,201,176,56,1279,2111,1279,2111,1280,2112,0,0,1280,2112,1280,2112
pattern_00081,255,255,2047,2047,2047,2047,2047,2047,2047,2047,2047,8191,8191,8191,0,2,2,4068,228,31,82,76,68,71,55,142,4,137,42,207,189,27,103,252,72,1279,2111,1279,2111,1280,2112,0,0,1280,2112,1280,2112
pattern_00082,113,70,529,881,1940,1310,880,1753,1983,1649,849,7960,4644,3256,0,2,0,973,143,168,34,3,190,174,199,235,152,55,55,177,148,146,241,39,116,1279,2111,1279,2111,1280,2112,0,0,1280,2112,1280,2112
pattern_00083,202,197,970,803,1852,731,1920,1066,1070,464,958,2741,4047,152,0,2,2,2148,54,47,102,44,48,236,53,108,175,159,141,154,74,220,16,255,58,1279,2111,1279,2111,1280,2112,0,0,1280,2112,1280,2112
pattern_00084,32,68,1439,1100,1151,991,655,1839,1052,1011,796,6516,4463,2497,0,0,1,713,203,125,2,132,215,247,106,119,3,152,211,148,113,9,192,35,119,1279,2111,1279,2111,1280,2112,0,0,1280,2112,1280,2112
pattern_00085,148,246,905,1154,440,799,946,14,1011,809,1334,4465,433,5580,1,0,1,633,152,131,61,131,86,5,246,135,62,253,86,202,58,169,154,33,77,1279,2111,1279,2111,1280,2112,0,0,1280,2112,1280,2112
pattern_00086,78,188,140,286,1607,1710,310,581,1444,165,1069,2049,2031,7455,1,2,0,1383,27,76,179,76,154,160,177,118,166,6,156,97,236,181,6,130,240,1279,2111,1279,2111,1280,2112,0,0,1280,2112,1280,2112
pattern_00087,206,31,653,1112,544,1792,1283,507,706,1645,1571,5355,895,7191,1,2,2,925,44,159,115,92,210,70,96,191,142,204,187,221,41,131,134,174,167,1279,2111,1279,2111,1280,2112,0,0,1280,2112,1280,2112
pattern_00088,97,59,1557,1159,1060,240,1688,1442,1924,1912,1603,3558,7123,5920,1,1,2,2033,148,83,85,132,228,112,135,204,27,185,108,24,74,76,247,144,119,1279,2111,1279,2111,1280,2112,0,0,1280,2112,1280,2112
pattern_00089,166,94,1130,929,1803,142,1511,1263,656,1144,934,1498,6038,6947,1,2,0,815,96,40,98,37,40,117,217,8,37,63,210,205,6,176,81,177,168,1279,2111,1279,2111,1280,2112,0,0,1280,2112,1280,2112
pattern_00090,230,225,217,889,1658,1556,481,1605,1392,726,115,3523,2902,2476,0,0,1,935,1,32,221,108,248,178,235,187,101,159,182,190,43,111,220,5,64,1279,2111,1279,2111,1280,2112,0,0,1280,2112,1280,2112
pattern_00091,229,129,366,727,736,1639,753,621,1187,37,1207,4651,7133,465,0,0,2,318,33,6,212,205,127,111,97,54,61,82,207,191,114,68,21,168,176,1279,2111,1279,2111,1280,2112,0,0,1280,2112,1280,2112
pattern_00092,245,186,324,316,871,202,962,585,1131,992,553,4404,8120,5255,1,2,2,3835,73,90,125,30,125,142,52,224,37,238,73,90,222,132,119,237,11,1279,2111,1279,2111,1280,2112,0,0,1280,2112,1280,2112
pattern_00093,162,139,1624,1550,1934,1820,1598,1629,647,731,1009,5208,4767,502,0,0,2,1248,17,234,225,182,149,87,134,125,48,178,149,91,245,158,45,206,88,1279,2111,1279,2111,1280,2112,0,0,1280,2112,1280,2112
pattern_00094,219,45,912,1701,1289,1327,404,2025,1359,723,108,89,3148,1774,0,2,2,2691,225,123,203,55,105,44,49,234,122,240,244,238,66,5,42,191,155,1279,2111,1279,2111,1280,2112,0,0,1280,2112,1280,2112
pattern_00095,89,228,660,282,903,1488,589,1456,973,1051,1086,6498,5262,3553,0,2,1,3564,43,33,78,86,193,31,213,183,33,14,140,167,173,83,99,211,103,1279,2111,1279,2111,1280,2112,0,0,1280,2112,1280,2112
pattern_00096,232,179,1655,1850,1906,134,175,562,1354,976,2025,7901,5270,346,0,0,1,2267,240,31,128,234,62,176,22,202,2,136,215,212,130,164,165,180,101,1279,2111,1279,2111,1280,2112,0,0,1280,2112,1280,2112
pattern_00097,61,115,8,6,1194,323,738,1298,1531,337,1286,6640,7410,2267,0,1,1,2055,0,0,0,0,0,0,0,0,0,0,0,0,0,0,0,0,0,1279,2111,1279,2111,1280,2112,0,0,1280,2112,1280,2112
pattern_00098,207,111,266,989,74,357,529,1576,995,292,437,4715,5060,7622,1,0,1,1847,255,255,255,255,255,255,255,255,255,255,255,255,255,255,255,255,255,1279,2111,1279,2111,1280,2112,0,0,1280,2112,1280,2112
pattern_00099,117,87,1239,1234,238,1885,170,413,394,2042,459,4693,670,4172,1,2,0,257,10,70,40,215,103,63,241,7,63,55,76,26,100,201,106,88,162,1279,2111,1279,2111,1280,2112,0,0,1280,2112,1280,2112
pattern_00100,139,252,19,1955,416,1071,1550,1025,424,1053,66,1263,868,2922,0,0,2,2928,35,225,104,144,159,26,187,117,85,121,171,119,54,197,118,9,219,1279,2111,1279,2111,1280,2112,0,0,1280,2112,1280,2112
pattern_00101,176,3,96,207,1690,427,1044,731,1623,315,272,4503,4947,3982,0,1,2,4062,4,211,93,184,31,15,134,129,164,148,160,248,208,108,38,169,145,1279,2111,1279,2111,1280,2112,0,0,1280,2112,1280,2112
pattern_00102,119,97,645,443,1618,447,1689,1406,510,1499,1987,6429,5005,604,0,0,1,692,172,150,50,65,3,194,221,35,45,34,114,236,237,149,215,35,223,1279,2111,1279,2111,1280,2112,0,0,1280,2112,1280,2112
pattern_00103,65,79,1574,1033,1116,1153,858,409,1668,1846,1198,5088,218,6914,1,2,1,3739,95,219,202,48,5,115,138,196,95,160,255,63,158,137,227,150,18,1279,2111,1279,2111,1280,2112,0,0,1280,2112,1280,2112
pattern_00104,41,126,660,77,1700,1262,1018,1521,1367,1138,1152,5020,4479,1619,0,2,2,3212,205,74,96,62,204,29,240,249,75,176,50,181,87,173,206,41,39,1279,2111,1279,2111,1280,2112,0,0,1280,2112,1280,2112
pattern_00105,101,36,1411,1432,50,387,332,290,1763,150,1348,346,6079,5771,1,1,1,2479,160,250,84,49,220,108,209,189,173,4,71,243,138,229,111,122,86,1279,2111,1279,2111,1280,2112,0,0,1280,2112,1280,2112
pattern_00106,174,17,1832,267,1309,1230,1084,178,1141,341,1469,2189,6273,4132,1,2,2,628,186,32,53,215,3,1,239,5,239,208,200,38,133,241,36,198,43,1279,2111,1279,2111,1280,2112,0,0,1280,2112,1280,2112
pattern_00107,250,212,594,467,1875,496,1125,190,473,332,1332,5231,1697,2985,0,0,1,3278,225,251,208,117,190,254,172,243,247,138,214,119,2,228,210,130,34,1279,2111,1279,2111,1280,2112,0,0,1280,2112,1280,2112
pattern_00108,26,13,522,681,352,379,167,97,975,244,1273,6054,2347,7919,1,2,1,884,247,198,19,60,130,243,224,215,137,158,227,32,170,91,176,220,189,1279,2111,1279,2111,1280,2112,0,0,1280,2112,1280,2112
pattern_00109,47,139,2031,1962,212,1706,1958,1095,869,1961,1246,3496,3216,3630,0,2,1,1235,146,137,108,103,171,181,97,126,65,162,204,27,103,168,105,123,153,1279,2111,1279,2111,1280,2112,0,0,1280,2112,1280,2112
pattern_00110,209,178,792,328,1594,1331,742,2001,650,1526,366,4091,7323,8147,1,2,0,3666,245,216,52,86,58,58,3,41,90,140,101,92,206,151,169,6,27,1279,2111,1279,2111,1280,2112,0,0,1280,2112,1280,2112
pattern_00111,78,213,565,451,1174,319,964,244,1701,829,665,687,3165,5281,1,2,1,984,93,80,131,95,27,105,89,227,197,242,37,202,249,35,138,51,130,1279,2111,1279,2111,1280,2112,0,0,1280,2112,1280,2112
pattern_00112,39,189,1162,1601,451,1558,1974,1511,1208,1679,2020,6270,7660,7461,1,1,1,438,119,68,52,18,137,39,251,7,9,175,138,6,49,27,197,98,12,1279,2111,1279,2111,1280,2112,0,0,1280,2112,1280,2112
pattern_00113,135,201,76,1912,982,1392,1599,1624,1017,1286,7,3764,7833,4110,1,0,1,2116,189,114,8,47,103,59,212,214,58,161,141,40,193,148,151,137,191,1279,2111,1279,2111,1280,2112,0,0,1280,2112,1280,2112
pattern_00114,51,204,295,558,1528,916,1550,2026,96,1829,1557,7450,385,4623,1,0,1,2132,16,102,234,48,227,178,244,20,244,142,202,125,210,231,208,33,31,1279,2111,1279,2111,1280,2112,0,0,1280,2112,1280,2112
pattern_00115,32,165,1082,323,1192,2040,1507,494,1837,990,333,4401,3791,8079,1,1,0,3869,195,109,34,170,164,171,126,158,56,43,208,186,252,12,157,4,82,1279,2111,1279,2111,1280,2112,0,0,1280,2112,1280,2112
pattern_00116,149,134,860,1542,1920,1671,1912,1289,732,726,1928,3956,1017,443,0,0,0,2374,104,119,42,14,230,207,178,170,50,83,92,248,107,78,123,177,102,1279,2111,1279,2111,1280,2112,0,0,1280,2112,1280,2112
pattern_00117,212,116,199,1909,1371,749,1969,989,521,762,1394,7734,1043,5233,1,0,0,1370,148,20,172,122,154,81,46,44,54,10,132,30,213,116,246,165,110,1279,2111,1279,2111,1280,2112,0,0,1280,2112,1280,2112
pattern_00118,76,165,679,1566,933,24,1990,1083,2,843,919,7141,5954,3812,0,1,0,3162,225,87,41,216,217,216,157,221,96,23,69,29,5,232,81,150,77,1279,2111,1279,2111,1280,2112,0,0,1280,2112,1280,2112
pattern_00119,233,201,1467,724,767,1215,692,1634,205,732,1977,6464,950,7556,1,2,0,1958,221,156,195,230,8,203,204,203,194,241,6,108,195,164,216,58,241,1279,2111,1279,2111,1280,2112,0,0,1280,2112,1280,2112
pattern_00120,67,99,1909,378,1049,1270,601,1778,1804,1443,306,5264,5008,1355,0,0,2,91,7,123,141,42,120,0,13,47,62,3,26,166,49,127,156,231,72,1279,2111,1279,2111,1280,2112,0,0,1280,2112,1280,2112
pattern_00121,174,90,837,2040,1127,779,57,634,678,1944,593,1589,6840,2145,0,0,2,1011,0,0,0,0,0,0,0,0,0,0,0,0,0,0,0,0,0,1279,2111,1279,2111,1280,2112,0,0,1280,2112,1280,2112
pattern_00122,33,147,1816,1271,641,2016,1894,1763,1935,1154,276,2509,1212,5261,1,2,0,3378,255,255,255,255,255,255,255,255,255,255,255,255,255,255,255,255,255,1279,2111,1279,2111,1280,2112,0,0,1280,2112,1280,2112
pattern_00123,96,138,1541,1579,690,1224,223,736,499,1017,856,6685,6858,6270,1,0,2,1171,58,219,195,217,111,118,34,132,159,236,210,25,95,254,241,182,248,1279,2111,1279,2111,1280,2112,0,0,1280,2112,1280,2112
pattern_00124,153,139,1026,64,1516,591,1576,1526,1222,1648,1934,1808,5843,6240,1,2,2,300,22,82,102,136,105,86,39,246,96,124,245,181,168,73,79,53,25,1279,2111,1279,2111,1280,2112,0,0,1280,2112,1280,2112
pattern_00125,12,61,1804,132,1358,1941,158,455,1090,1515,49,8096,4442,3047,0,1,0,2620,213,56,233,149,3,136,112,84,81,119,8,48,57,11,155,229,83,1279,2111,1279,2111,1280,2112,0,0,1280,2112,1280,2112
pattern_00126,123,88,1242,659,1621,592,250,1794,358,1381,676,1757,2457,3502,0,1,1,3112,30,181,129,210,168,134,0,1,36,157,56,207,5,0,86,213,48,1279,2111,1279,2111,1280,2112,0,0,1280,2112,1280,2112
pattern_00127,195,244,1011,210,1841,1718,1839,108,288,402,1231,2386,4589,7940,1,1,1,2529,243,225,44,141,183,180,168,54,55,108,184,127,203,3,138,217,247,1279,2111,1279,2111,1280,2112,0,0,1280,2112,1280,2112
pattern_00128,193,58,1902,2025,644,449,1996,289,596,83,1334,5422,1053,5416,1,1,1,675,53,1,185,229,104,25,24,159,81,88,61,40,28,56,90,201,131,1279,2111,1279,2111,1280,2112,0,0,1280,2112,1280,2112
pattern_00129,234,51,1464,466,1443,1818,1903,169,1320,1963,1023,3791,5509,936,0,1,1,3609,250,18,137,49,27,63,48,187,207,97,253,236,112,65,216,67,116,1279,2111,1279,2111,1280,2112,0,0,1280,2112,1280,2112
pattern_00130,220,104,595,672,1796,353,27,838,620,1210,1497,7228,496,2040,0,0,1,1508,152,121,249,245,65,25,84,90,189,25,33,54,115,29,101,201,215,1279,2111,1279,2111,1280,2112,0,0,1280,2112,1280,2112
pattern_00131,163,204,665,1099,1053,818,44,219,862,60,1092,1397,756,5310,1,2,1,4048,43,46,80,172,106,26,244,100,138,41,63,102,15,206,213,167,117,1279,2111,1279,2111,1280,2112,0,0,1280,2112,1280,2112
pattern_00132,215,231,1806,1107,1712,1972,1529,1370,283,652,1745,3776,8030,5602,1,1,0,3372,131,200,131,214,148,72,82,171,251,129,171,83,36,48,109,33,215,1279,2111,1279,2111,1280,2112,0,0,1280,2112,1280,2112
pattern_00133,55,157,23,1458,1917,571,1302,1827,1684,1282,74,2981,3451,1118,0,1,2,2012,122,203,159,115,34,252,141,12,32,61,100,140,128,100,222,96,209,1279,2111,1279,2111,1280,2112,0,0,1280,2112,1280,2112
pattern_00134,186,14,1256,1367,1727,1693,1609,977,945,106,230,5763,7966,1598,0,1,0,3296,55,15,75,98,201,120,69,184,202,34,187,34,230,248,177,4,157,1279,2111,1279,2111,1280,2112,0,0,1280,2112,1280,2112
pattern_00135,164,24,906,170,1025,1040,397,263,831,563,1037,2530,1242,3263,0,0,0,256,19,12,204,197,153,107,212,138,166,127,192,92,154,120,154,142,33,1279,2111,1279,2111,1280,2112,0,0,1280,2112,1280,2112
pattern_00136,203,153,57,1572,484,161,1115,1090,798,104,1250,6374,2856,2770,0,1,2,1525,95,226,112,40,55,132,131,174,171,125,161,148,248,27,38,145,57,1279,2111,1279,2111,1280,2112,0,0,1280,2112,1280,2112
pattern_00137,107,97,1490,115,1741,134,479,1393,844,1104,1863,520,7966,4976,1,1,1,1872,179,111,2,242,117,8,166,55,12,79,237,227,147,184,100,222,205,1279,2111,1279,2111,1280,2112,0,0,1280,2112,1280,2112
pattern_00138,122,5,1014,1806,1974,799,2033,243,945,1516,830,6407,7497,789,0,2,1,781,50,14,227,192,107,155,192,93,227,203,190,6,176,198,244,99,137,1279,2111,1279,2111,1280,2112,0,0,1280,2112,1280,2112
pattern_00139,46,70,243,1308,1610,399,467,982,639,1424,360,7100,7191,7322,1,1,2,1151,151,99,152,179,14,148,212,122,248,18,101,25,40,200,123,41,211,1279,2111,1279,2111,1280,2112,0,0,1280,2112,1280,2112
pattern_00140,217,153,818,1222,976,19,1028,310,1332,470,2030,6540,239,6568,1,1,2,3482,85,207,8,242,209,80,64,119,178,249,251,95,198,239,192,230,23,1279,2111,1279,2111,1280,2112,0,0,1280,2112,1280,2112
pattern_00141,202,165,1096,1275,619,1704,700,845,1503,733,1493,7020,6395,860,0,0,2,1328,195,219,29,202,205,27,114,247,51,208,26,124,125,145,207,156,81,1279,2111,1279,2111,1280,2112,0,0,1280,2112,1280,2112
pattern_00142,198,112,290,1987,930,945,1783,81,1812,1969,1365,1507,4750,7964,1,0,1,1753,195,248,33,62,11,165,210,3,175,91,248,149,142,89,60,205,168,1279,2111,1279,2111,1280,2112,0,0,1280,2112,1280,2112
pattern_00143,90,213,1406,983,1787,636,1911,1865,1102,278,319,1259,3564,3341,0,2,1,1236,161,164,229,7,50,222,213,206,105,207,131,165,161,116,101,103,45,1279,2111,1279,2111,1280,2112,0,0,1280,2112,1280,2112
pattern_00144,33,93,69,2012,1052,845,1954,1370,686,827,274,2133,3706,4796,1,0,1,2809,168,228,190,42,30,225,213,22,38,86,174,85,44,28,116,245,230,1279,2111,1279,2111,1280,2112,0,0,1280,2112,1280,2112
pattern_00145,194,154,1827,1955,1795,1385,1995,1558,1410,1310,956,4306,1617,4437,1,0,0,1154,0,0,0,0,0,0,0,0,0,0,0,0,0,0,0,0,0,1279,2111,1279,2111,1280,2112,0,0,1280,2112,1280,2112
pattern_00146,47,172,322,144,666,1477,1507,444,2007,1616,1276,6822,422,4595,1,1,2,2322,255,255,255,255,255,255,255,255,255,255,255,255,255,255,255,255,255,1279,2111,1279,2111,1280,2112,0,0,1280,2112,1280,2112
pattern_00147,231,240,1754,874,501,1745,621,2008,699,1799,1659,4424,4756,4559,1,0,1,1558,92,40,158,118,27,7,242,63,154,1,4,244,109,129,229,156,219,1279,2111,1279,2111,1280,2112,0,0,1280,2112,1280,2112
pattern_00148,89,205,1312,189,431,1459,864,1967,1955,893,628,6548,7356,7726,1,2,2,700,26,132,238,228,241,136,153,126,3,30,144,211,98,23,218,152,73,1279,2111,1279,2111,1280,2112,0,0,1280,2112,1280,2112
pattern_00149,14,223,734,1559,299,1078,676,569,508,1142,1886,2613,1609,5817,1,1,1,1884,23,111,143,134,12,104,250,84,17,225,200,164,206,158,74,144,16,1279,2111,1279,2111,1280,2112,0,0,1280,2112,1280,2112
pattern_00150,73,43,170,892,1278,260,1052,627,1879,1081,1864,5939,374,8106,1,2,2,1461,250,95,90,74,139,54,247,21,47,214,157,171,140,198,122,144,67,1279,2111,1279,2111,1280,2112,0,0,1280,2112,1280,2112
pattern_00151,180,84,1541,1328,1001,66,1306,2027,865,1646,1545,4699,4332,2767,0,0,0,1851,141,107,218,1,243,152,203,26,10,228,58,1,228,182,85,20,152,1279,2111,1279,2111,1280,2112,0,0,1280,2112,1280,2112
pattern_00152,159,192,1295,1144,427,483,1256,1887,852,576,121,4851,6215,3735,0,1,1,1866,151,184,69,189,113,15,255,241,186,4,21,42,65,144,57,19,71,1279,2111,1279,2111,1280,2112,0,0,1280,2112,1280,2112
pattern_00153,40,217,767,615,409,1765,1004,462,1734,250,1427,3596,1779,3451,0,1,2,2488,137,232,82,242,31,42,159,222,204,32,85,233,36,18,243,183,135,1279,2111,1279,2111,1280,2112,0,0,1280,2112,1280,2112
pattern_00154,34,190,1861,407,1652,1955,1722,1716,2045,182,1239,1063,4001,1150,0,1,1,3872,89,113,130,113,24,58,96,85,19,175,201,198,164,51,214,189,218,1279,2111,1279,2111,1280,2112,0,0,1280,2112,1280,2112
pattern_00155,31,131,1207,1294,1731,689,516,1186,156,2020,1714,1610,3565,3607,0,0,0,412,55,16,15,28,196,233,150,199,7,73,20,102,124,214,114,183,146,1279,2111,1279,2111,1280,2112,0,0,1280,2112,1280,2112
pattern_00156,172,249,27,1619,1074,872,1566,1093,1868,685,589,2464,2436,1064,0,0,2,74,198,126,24,161,22,42,54,160,21,112,252,246,8,99,8,130,115,1279,2111,1279,2111,1280,2112,0,0,1280,2112,1280,2112
pattern_00157,253,181,29,788,676,538,1786,499,1491,55,435,4300,6113,2851,0,2,1,2422,208,37,211,119,77,188,147,185,109,218,214,183,203,177,209,201,37,1279,2111,1279,2111,1280,2112,0,0,1280,2112,1280,2112
pattern_00158,228,64,1114,1586,1067,1635,417,2042,2021,436,1113,6931,1734,7963,1,0,2,431,226,148,101,161,136,115,78,252,99,81,75,130,80,50,235,59,90,1279,2111,1279,2111,1280,2112,0,0,1280,2112,1280,2112
pattern_00159,13,208,920,1650,252,1234,285,607,1725,798,1617,4234,423,7721,1,1,2,606,22,250,104,173,137,119,110,101,73,113,78,227,71,102,170,226,162,1279,2111,1279,2111,1280,2112,0,0,1280,2112,1280,2112
pattern_00160,74,161,768,134,1287,1485,8,1981,895,486,110,4288,6312,2117,0,1,1,2932,197,153,192,9,188,146,30,11,104,179,133,75,84,132,255,232,201,1279,2111,1279,2111,1280,2112,0,0,1280,2112,1280,2112
pattern_00161,194,100,156,728,68,873,777,96,1009,1388,141,7126,2619,2894,0,0,2,1802,192,111,116,4,155,46,174,247,135,109,111,142,31,191,84,43,234,1279,2111,1279,2111,1280,2112,0,0,1280,2112,1280,2112
pattern_00162,88,9,1502,542,1287,1440,1303,292,1430,1644,806,6970,1392,6765,1,0,2,3261,182,11,236,215,48,254,13,97,123,137,160,210,41,126,130,171,206,1279,2111,1279,2111,1280,2112,0,0,1280,2112,1280,2112
pattern_00163,250,41,1665,742,532,1808,1962,473,238,133,467,2552,6040,2142,0,1,2,644,38,69,185,100,236,157,177,239,190,220,181,166,251,24,216,15,0,1279,2111,1279,2111,1280,2112,0,0,1280,2112,1280,2112
pattern_00164,173,119,1310,1107,95,577,1723,353,693,568,1678,2490,2888,8047,1,1,0,1720,47,196,244,57,166,151,181,136,54,39,60,247,110,204,211,210,187,1279,2111,1279,2111,1280,2112,0,0,1280,2112,1280,2112
pattern_00165,193,215,225,1771,249,539,743,605,498,1436,169,5188,6562,4880,1,1,2,3184,90,129,115,44,218,125,116,126,83,97,145,30,127,170,143,134,24,1279,2111,1279,2111,1280,2112,0,0,1280,2112,1280,2112
pattern_00166,81,242,856,1727,1261,617,300,2033,1835,2023,182,1746,2156,3087,0,0,0,3075,28,43,88,204,204,121,213,49,223,44,192,145,192,146,138,218,174,1279,2111,1279,2111,1280,2112,0,0,1280,2112,1280,2112
pattern_00167,233,73,1142,403,70,932,1322,493,1012,204,1122,5756,6455,6717,1,0,0,2937,220,62,155,114,102,159,130,63,193,188,70,240,99,3,249,63,133,1279,2111,1279,2111,1280,2112,0,0,1280,2112,1280,2112
pattern_00168,57,14,285,1990,1379,615,1081,610,483,341,1925,4406,2237,7211,1,2,0,2398,129,252,110,250,60,126,79,35,104,44,32,196,220,184,92,92,153,1279,2111,1279,2111,1280,2112,0,0,1280,2112,1280,2112
pattern_00169,87,68,1191,103,613,588,1188,1884,1743,1069,1035,6573,4898,2869,0,2,2,1331,0,0,0,0,0,0,0,0,0,0,0,0,0,0,0,0,0,1279,2111,1279,2111,1280,2112,0,0,1280,2112,1280,2112
pattern_00170,49,77,1898,937,1885,1833,532,115,877,801,1652,7988,5847,3944,0,0,0,3985,255,255,255,255,255,255,255,255,255,255,255,255,255,255,255,255,255,1279,2111,1279,2111,1280,2112,0,0,1280,2112,1280,2112
pattern_00171,149,64,496,1593,1547,1389,1456,58,1988,1056,162,7450,3973,7936,1,1,0,617,228,251,134,116,182,101,45,239,101,155,232,52,44,1,251,185,204,1279,2111,1279,2111,1280,2112,0,0,1280,2112,1280,2112
pattern_00172,145,107,1141,1936,1365,1360,1427,1249,1498,331,512,5839,3921,3521,0,0,2,2142,61,223,158,212,13,228,227,192,8,199,148,26,51,78,63,106,149,1279,2111,1279,2111,1280,2112,0,0,1280,2112,1280,2112
pattern_00173,1,157,1380,1470,1669,27,390,1464,768,1236,1587,1164,5788,6502,1,1,1,3237,51,228,138,13,144,68,231,114,185,5,29,153,87,58,193,18,19,1279,2111,1279,2111,1280,2112,0,0,1280,2112,1280,2112
pattern_00174,156,187,972,94,1952,441,160,2010,1921,226,425,2508,246,3462,0,2,1,1517,46,39,179,242,249,98,31,166,139,132,66,34,247,56,53,131,145,1279,2111,1279,2111,1280,2112,0,0,1280,2112,1280,2112
pattern_00175,84,82,1575,1851,11,1661,184,360,1026,811,1137,1920,2359,7603,1,0,0,259,231,249,61,136,228,20,231,39,186,91,217,113,115,6,45,25,109,1279,2111,1279,2111,1280,2112,0,0,1280,2112,1280,2112
pattern_00176,49,35,1208,563,1336,129,778,1146,1245,638,1187,3629,2889,1746,0,2,2,3849,150,9,40,246,140,79,184,247,183,138,43,182,57,82,108,39,235,1279,2111,1279,2111,1280,2112,0,0,1280,2112,1280,2112
pattern_00177,67,63,1468,881,1474,1360,1588,1744,1123,1111,1252,3214,4617,5783,1,2,2,615,87,248,198,123,57,86,185,0,31,11,86,46,6,227,114,51,117,1279,2111,1279,2111,1280,2112,0,0,1280,2112,1280,2112
pattern_00178,195,220,252,1942,1692,1602,106,1107,1855,2039,355,2929,4606,7329,1,1,1,3502,253,255,203,182,130,128,164,234,58,239,182,8,133,81,85,123,46,1279,2111,1279,2111,1280,2112,0,0,1280,2112,1280,2112
pattern_00179,49,129,1190,970,1718,529,312,744,866,650,1495,7679,97,7675,1,1,2,1421,78,122,102,69,46,35,172,83,193,90,15,243,11,45,76,225,64,1279,2111,1279,2111,1280,2112,0,0,1280,2112,1280,2112
pattern_00180,108,77,1963,1475,1922,951,1607,448,1721,1451,959,5706,909,733,0,2,1,478,120,179,142,38,153,60,128,67,149,245,233,139,217,51,140,110,65,1279,2111,1279,2111,1280,2112,0,0,1280,2112,1280,2112
pattern_00181,161,159,28,916,379,23,1117,536,1501,1065,340,7494,6591,4285,1,1,0,3195,27,126,152,99,215,226,209,38,74,127,64,65,80,208,98,240,25,1279,2111,1279,2111,1280,2112,0,0,1280,2112,1280,2112
pattern_00182,237,172,994,1607,776,1263,404,1673,708,1551,271,3164,8186,7382,1,2,2,1742,24,253,146,60,140,199,55,186,120,129,71,33,17,243,61,180,200,1279,2111,1279,2111,1280,2112,0,0,1280,2112,1280,2112
pattern_00183,8,111,469,1231,577,1265,422,805,1076,1171,724,2391,1428,1103,0,1,0,3436,39,123,37,191,166,229,145,227,19,86,184,189,57,202,188,202,15,1279,2111,1279,2111,1280,2112,0,0,1280,2112,1280,2112
pattern_00184,234,90,413,1389,1650,1011,1292,1440,1898,1043,1588,494,6288,8097,1,0,1,1232,22,190,194,103,154,176,28,218,107,76,215,81,183,144,16,66,95,1279,2111,1279,2111,1280,2112,0,0,1280,2112,1280,2112
pattern_00185,247,188,469,1757,1272,1910,996,745,883,748,1372,3103,4621,1318,0,1,1,139,251,42,42,198,161,234,87,88,135,243,126,170,169,205,137,253,107,1279,2111,1279,2111,1280,2112,0,0,1280,2112,1280,2112
pattern_00186,243,247,408,327,1077,1512,916,145,1796,530,243,3627,5896,1482,0,0,1,3404,219,231,244,78,235,188,157,21,230,88,246,28,205,4,172,127,210,1279,2111,1279,2111,1280,2112,0,0,1280,2112,1280,2112
pattern_00187,215,208,576,433,163,1325,1906,1128,1295,1176,875,6808,2188,5661,1,1,1,345,155,240,49,141,164,103,245,194,226,109,79,12,9,160,128,241,214,1279,2111,1279,2111,1280,2112,0,0,1280,2112,1280,2112
pattern_00188,230,254,325,857,795,1771,578,882,1777,1564,442,20,1314,4947,1,1,2,1060,131,197,189,158,10,11,207,247,214,206,188,249,39,22,18,188,27,1279,2111,1279,2111,1280,2112,0,0,1280,2112,1280,2112
pattern_00189,229,40,101,1132,497,565,1043,501,1424,1463,885,7015,636,6095,1,1,1,1304,206,21,32,244,18,213,30,66,3,247,42,151,184,156,146,222,12,1279,2111,1279,2111,1280,2112,0,0,1280,2112,1280,2112
pattern_00190,79,209,1946,1163,1573,710,750,1272,80,1952,1922,1320,7669,5839,1,0,2,3876,220,208,245,200,157,197,186,44,43,133,156,184,79,220,230,146,92,1279,2111,1279,2111,1280,2112,0,0,1280,2112,1280,2112
pattern_00191,235,107,1596,1147,1847,269,1554,54,191,596,854,1049,3916,1614,0,2,0,371,2,190,211,116,89,6,194,75,244,206,196,216,197,213,80,180,200,1279,2111,1279,2111,1280,2112,0,0,1280,2112,1280,2112
pattern_00192,116,168,1271,1595,255,748,1637,109,978,410,702,908,1262,7347,1,2,2,416,184,178,79,190,148,186,238,158,209,121,245,196,48,165,205,17,70,1279,2111,1279,2111,1280,2112,0,0,1280,2112,1280,2112
pattern_00193,141,202,490,1600,1358,1800,1138,1244,1230,937,1307,5088,6064,3076,0,1,0,2168,0,0,0,0,0,0,0,0,0,0,0,0,0,0,0,0,0,1279,2111,1279,2111,1280,2112,0,0,1280,2112,1280,2112
pattern_00194,201,62,1460,1705,166,240,717,509,1488,416,1203,3649,549,6959,1,0,0,2331,255,255,255,255,255,255,255,255,255,255,255,255,255,255,255,255,255,1279,2111,1279,2111,1280,2112,0,0,1280,2112,1280,2112
pattern_00195,29,19,1967,781,843,1946,696,1353,947,1391,1524,5533,7149,2085,0,1,1,3260,123,160,50,170,15,163,84,163,213,138,168,161,229,127,130,125,33,1279,2111,1279,2111,1280,2112,0,0,1280,2112,1280,2112
pattern_00196,179,40,1323,1531,1132,1268,1001,1658,1811,587,1439,7325,8139,3568,0,1,1,1810,39,195,141,207,127,209,39,1,33,254,44,72,169,228,97,154,246,1279,2111,1279,2111,1280,2112,0,0,1280,2112,1280,2112
pattern_00197,135,38,262,1167,146,63,101,1637,1240,1660,755,6760,6699,2662,0,0,1,3035,53,98,102,69,1,165,41,178,80,250,26,234,219,21,134,81,223,1279,2111,1279,2111,1280,2112,0,0,1280,2112,1280,2112
pattern_00198,52,140,162,766,2043,1109,946,793,302,1,9,6296,5956,6650,1,0,2,3360,166,183,121,52,34,138,45,48,130,46,148,162,74,130,50,250,145,1279,2111,1279,2111,1280,2112,0,0,1280,2112,1280,2112
pattern_00199,151,204,536,921,1071,1521,1080,1523,1493,1324,1062,7421,1601,1858,0,1,2,2940,236,112,76,125,121,89,1,72,95,116,79,211,36,227,115,10,44,1279,2111,1279,2111,1280,2112,0,0,1280,2112,1280,2112
pattern_00200,124,223,1496,323,900,18,675,162,1947,1548,1200,4173,746,3040,0,0,0,2863,250,158,6,45,250,192,207,148,80,97,122,96,156,222,197,89,184,1279,2111,1279,2111,1280,2112,0,0,1280,2112,1280,2112
pattern_00201,208,125,621,1991,1188,1553,233,2006,5,795,1055,6655,5589,7257,1,0,1,2552,9,94,159,149,34,78,195,98,243,27,118,158,137,55,95,171,17,1279,2111,1279,2111,1280,2112,0,0,1280,2112,1280,2112
pattern_00202,78,214,103,1612,1223,701,1040,343,431,1372,1967,1960,4084,2925,0,2,0,3641,88,155,215,86,212,121,219,130,152,119,51,235,212,107,167,172,117,1279,2111,1279,2111,1280,2112,0,0,1280,2112,1280,2112
pattern_00203,228,177,184,79,1822,229,2009,1063,924,1047,563,7469,7924,1475,0,2,0,2657,129,65,224,91,165,253,175,132,16,181,69,68,228,103,246,127,54,1279,2111,1279,2111,1280,2112,0,0,1280,2112,1280,2112
pattern_00204,251,96,1353,1386,748,1774,1491,1063,1935,1993,1830,4862,4540,2305,0,0,0,3766,154,206,7,178,106,236,144,47,247,158,50,35,165,93,192,10,173,1279,2111,1279,2111,1280,2112,0,0,1280,2112,1280,2112
pattern_00205,242,125,1646,493,305,1343,1977,362,1651,795,146,2901,7770,7133,1,0,0,926,150,143,210,183,154,67,47,179,38,127,16,96,249,28,51,37,110,1279,2111,1279,2111,1280,2112,0,0,1280,2112,1280,2112
pattern_00206,178,40,1528,1418,1346,1010,375,2018,884,1471,1540,1600,2068,5867,1,2,0,2118,144,170,34,130,48,146,110,1,32,223,201,180,186,123,140,254,20,1279,2111,1279,2111,1280,2112,0,0,1280,2112,1280,2112
pattern_00207,157,104,1284,1831,1548,325,1544,1810,1836,1933,407,4347,3350,5279,1,0,2,959,79,150,190,177,138,130,34,4,222,242,132,229,53,5,76,207,82,1279,2111,1279,2111,1280,2112,0,0,1280,2112,1280,2112
pattern_00208,249,117,1874,841,159,1825,769,1728,1716,893,337,7716,7215,582,0,1,1,1841,66,40,236,125,40,18,67,40,106,210,173,59,122,43,197,128,172,1279,2111,1279,2111,1280,2112,0,0,1280,2112,1280,2112
pattern_00209,184,77,1785,1546,736,754,742,1637,612,1846,193,6542,6853,6013,1,0,1,1197,80,130,140,105,183,92,151,52,22,249,135,44,212,73,210,167,181,1279,2111,1279,2111,1280,2112,0,0,1280,2112,1280,2112
pattern_00210,221,155,1783,156,1951,1711,1564,1503,631,718,770,4144,3746,7292,1,0,1,2100,68,148,232,26,226,196,143,237,183,233,18,103,87,198,143,149,58,1279,2111,1279,2111,1280,2112,0,0,1280,2112,1280,2112
pattern_00211,153,239,183,965,1431,792,1242,413,393,123,294,7318,5172,4475,1,0,1,2834,50,177,80,110,81,20,59,75,60,133,172,167,201,241,204,171,32,1279,2111,1279,2111,1280,2112,0,0,1280,2112,1280,2112
pattern_00212,168,178,212,870,2021,1760,61,55,1208,398,371,5751,322,1210,0,2,1,3665,207,76,31,155,183,199,41,185,114,178,113,193,173,50,173,222,111,1279,2111,1279,2111,1280,2112,0,0,1280,2112,1280,2112
pattern_00213,241,152,1846,1962,1878,1145,252,1238,1017,1922,713,6087,297,1338,0,2,0,2767,178,116,149,54,168,156,99,220,23,63,203,199,233,54,124,124,8,1279,2111,1279,2111,1280,2112,0,0,1280,2112,1280,2112
pattern_00214,245,194,865,37,446,42,366,38,436,1772,1069,2716,6466,3955,0,0,2,2976,216,193,106,212,179,105,160,245,153,30,62,162,148,32,164,59,76,1279,2111,1279,2111,1280,2112,0,0,1280,2112,1280,2112
pattern_00215,178,251,320,975,278,1179,1191,1782,1658,1408,51,4915,763,4174,1,1,2,141,239,167,219,227,105,173,251,219,222,120,193,89,6,195,131,85,152,1279,2111,1279,2111,1280,2112,0,0,1280,2112,1280,2112
pattern_00216,248,141,530,614,1718,1076,185,367,941,234,1585,3705,6276,6770,1,2,0,3486,81,58,76,216,75,68,195,12,142,224,117,55,2,55,168,246,103,1279,2111,1279,2111,1280,2112,0,0,1280,2112,1280,2112
pattern_00217,94,182,1717,862,1228,281,80,589,1134,33,814,6661,3636,3422,0,1,2,3492,0,0,0,0,0,0,0,0,0,0,0,0,0,0,0,0,0,1279,2111,1279,2111,1280,2112,0,0,1280,2112,1280,2112
pattern_00218,224,56,649,623,79,1573,1507,1634,1882,1145,1156,4799,5996,6047,1,2,0,1992,255,255,255,255,255,255,255,255,255,255,255,255,255,255,255,255,255,1279,2111,1279,2111,1280,2112,0,0,1280,2112,1280,2112
pattern_00219,212,17,1085,1043,302,1322,1968,1335,1806,1378,49,3220,2389,6683,1,0,0,149,60,100,40,77,22,71,24,133,22,248,120,78,191,169,240,86,28,1279,2111,1279,2111,1280,2112,0,0,1280,2112,1280,2112
pattern_00220,142,29,1268,1153,1249,1108,541,836,24,1028,1386,915,5293,1519,0,1,1,3327,128,146,171,227,254,35,161,10,128,90,196,52,198,103,14,116,255,1279,2111,1279,2111,1280,2112,0,0,1280,2112,1280,2112
pattern_00221,138,78,1289,1702,673,431,1666,1379,1338,1006,859,2640,846,610,0,2,0,3376,234,187,184,182,198,205,84,195,111,71,182,141,141,131,235,173,59,1279,2111,1279,2111,1280,2112,0,0,1280,2112,1280,2112
pattern_00222,86,140,521,1372,1716,59,1923,106,899,948,1132,4462,4654,4287,1,0,2,2212,18,216,79,36,218,224,240,42,112,225,7,36,79,77,253,137,222,1279,2111,1279,2111,1280,2112,0,0,1280,2112,1280,2112
pattern_00223,254,240,472,737,1281,283,1352,1991,1034,1132,766,3632,4068,116,0,0,2,3179,114,132,49,98,45,171,84,206,107,115,217,120,159,107,108,203,58,1279,2111,1279,2111,1280,2112,0,0,1280,2112,1280,2112
pattern_00224,206,96,520,992,130,1026,1435,1294,914,80,914,2589,4182,2524,0,2,0,3989,103,108,43,209,225,29,121,174,198,163,209,163,61,237,5,247,39,1279,2111,1279,2111,1280,2112,0,0,1280,2112,1280,2112
pattern_00225,11,22,1059,344,1895,1094,60,138,1909,1564,558,7647,7014,6890,1,0,0,1517,76,135,249,165,207,10,34,184,179,26,138,191,194,226,168,96,140,1279,2111,1279,2111,1280,2112,0,0,1280,2112,1280,2112
pattern_00226,184,69,1413,838,977,1267,924,1567,666,2035,548,6987,4019,2767,0,2,0,1589,188,37,11,1,132,244,203,129,106,84,90,94,189,59,227,129,245,1279,2111,1279,2111,1280,2112,0,0,1280,2112,1280,2112
pattern_00227,237,64,1053,1543,558,1520,686,2017,1079,785,1718,3586,2501,7156,1,2,1,771,228,208,205,3,205,127,157,41,193,4,2,154,163,64,113,12,62,1279,2111,1279,2111,1280,2112,0,0,1280,2112,1280,2112
pattern_00228,90,131,1327,1335,791,1184,1292,478,382,669,777,8072,4616,7852,1,1,0,3608,28,187,50,31,64,40,231,80,206,100,172,35,38,7,56,58,55,1279,2111,1279,2111,1280,2112,0,0,1280,2112,1280,2112
pattern_00229,24,38,1798,335,832,280,778,48,1477,1658,1112,7024,36,5125,1,0,2,1468,246,164,207,47,209,61,99,144,80,80,226,174,221,207,22,242,90,1279,2111,1279,2111,1280,2112,0,0,1280,2112,1280,2112
pattern_00230,199,8,843,601,1885,1358,1696,1249,1124,612,1653,7471,7056,2769,0,2,1,2535,26,100,227,111,145,56,62,108,95,80,8,236,172,62,62,52,213,1279,2111,1279,2111,1280,2112,0,0,1280,2112,1280,2112
pattern_00231,114,223,589,24,1390,1889,674,1485,359,607,589,3346,4255,3733,0,2,2,2069,0,192,201,83,215,226,142,64,250,121,143,133,2,154,113,141,243,1279,2111,1279,2111,1280,2112,0,0,1280,2112,1280,2112
pattern_00232,105,171,2041,1235,1858,1877,869,1565,114,304,688,2565,2552,6950,1,2,0,1784,64,123,141,249,201,97,29,150,9,7,52,232,203,76,248,147,192,1279,2111,1279,2111,1280,2112,0,0,1280,2112,1280,2112
pattern_00233,218,52,670,1562,968,1302,669,1512,1016,1316,1167,2830,3972,2070,0,1,1,1957,89,226,125,66,45,95,140,235,233,100,215,250,182,226,251,38,211,1279,2111,1279,2111,1280,2112,0,0,1280,2112,1280,2112
pattern_00234,28,236,1801,41,135,1413,466,808,581,1582,1552,496,4458,512,0,0,2,1237,59,52,55,39,9,49,173,113,233,109,90,121,53,238,1,179,138,1279,2111,1279,2111,1280,2112,0,0,1280,2112,1280,2112
pattern_00235,151,78,187,1754,1215,550,1189,1882,546,1428,1904,5601,4012,4970,1,1,1,2116,127,109,145,197,205,119,97,129,226,128,26,114,152,1,190,224,118,1279,2111,1279,2111,1280,2112,0,0,1280,2112,1280,2112
pattern_00236,176,25,1882,1150,1918,132,1254,1387,680,56,1996,476,1947,8034,1,1,2,2068,31,155,114,33,201,33,140,220,65,143,210,240,67,62,146,92,35,1279,2111,1279,2111,1280,2112,0,0,1280,2112,1280,2112
pattern_00237,177,69,1317,1460,1280,180,783,476,693,2030,743,1587,4979,1464,0,2,2,1928,163,165,159,159,185,121,182,111,10,107,145,104,132,188,116,255,67,1279,2111,1279,2111,1280,2112,0,0,1280,2112,1280,2112
pattern_00238,56,89,705,1198,1654,975,1831,153,1787,17,1326,3279,3599,1313,0,1,0,2778,168,28,20,242,58,84,139,80,176,213,188,151,233,194,73,77,7,1279,2111,1279,2111,1280,2112,0,0,1280,2112,1280,2112
pattern_00239,118,101,1963,1453,318,1282,1018,617,827,1339,237,1986,3621,4267,1,1,2,1270,58,253,91,156,232,67,130,214,162,198,8,92,169,149,199,250,194,1279,2111,1279,2111,1280,2112,0,0,1280,2112,1280,2112
pattern_00240,64,219,846,628,342,1783,650,1402,1961,820,1668,7770,3590,6822,1,0,2,2328,17,167,214,101,84,58,216,56,63,137,223,207,10,227,124,176,55,1279,2111,1279,2111,1280,2112,0,0,1280,2112,1280,2112
pattern_00241,31,213,1627,1559,862,269,1465,240,909,1692,616,4502,4060,5010,1,0,1,1301,0,0,0,0,0,0,0,0,0,0,0,0,0,0,0,0,0,1279,2111,1279,2111,1280,2112,0,0,1280,2112,1280,2112
pattern_00242,82,143,455,428,1531,785,1358,1154,1377,1455,1945,5194,6971,5372,1,2,1,1126,255,255,255,255,255,255,255,255,255,255,255,255,255,255,255,255,255,1279,2111,1279,2111,1280,2112,0,0,1280,2112,1280,2112
pattern_00243,199,121,831,1550,322,484,147,2025,326,1851,1895,1706,1587,7532,1,2,1,266,233,246,102,162,244,172,217,3,145,81,73,192,107,38,243,180,95,1279,2111,1279,2111,1280,2112,0,0,1280,2112,1280,2112
pattern_00244,191,131,441,2042,1909,862,1592,1225,1419,376,289,907,6340,2829,0,0,2,74,50,26,34,123,190,255,186,130,27,195,181,246,128,119,174,104,194,1279,2111,1279,2111,1280,2112,0,0,1280,2112,1280,2112
pattern_00245,34,68,1408,1017,1310,612,1141,1529,1068,1090,2023,7820,1423,1814,0,1,0,2537,6,68,191,208,212,89,203,192,87,92,154,54,231,148,184,121,72,1279,2111,1279,2111,1280,2112,0,0,1280,2112,1280,2112
pattern_00246,124,244,1937,1806,1592,1025,1671,1126,894,867,1130,3876,4474,7996,1,0,0,368,171,197,4,74,40,24,54,182,248,112,67,59,173,42,209,117,144,1279,2111,1279,2111,1280,2112,0,0,1280,2112,1280,2112
pattern_00247,143,52,1301,1739,223,1679,1822,1673,1780,776,444,3605,6148,4653,1,2,1,3932,165,28,245,211,220,64,157,159,231,142,197,17,213,7,153,55,14,1279,2111,1279,2111,1280,2112,0,0,1280,2112,1280,2112
pattern_00248,212,216,424,1628,1249,1059,496,81,1384,758,1462,3760,200,6597,1,0,1,2141,237,121,80,33,164,79,38,34,46,114,142,117,209,172,7,169,7,1279,2111,1279,2111,1280,2112,0,0,1280,2112,1280,2112
pattern_00249,217,198,1154,1754,858,1509,623,981,1109,1094,848,2594,698,7274,1,1,0,1462,58,57,246,144,96,216,230,3,183,40,153,186,61,30,236,249,43,1279,2111,1279,2111,1280,2112,0,0,1280,2112,1280,2112
pattern_00250,38,49,854,1265,1972,1169,343,61,44,273,230,6329,4950,122,0,2,0,815,196,71,242,153,171,28,143,50,245,30,69,223,56,176,84,241,95,1279,2111,1279,2111,1280,2112,0,0,1280,2112,1280,2112
pattern_00251,179,190,31,1478,1119,604,1714,14,1681,567,1577,118,3649,2598,0,2,0,493,105,214,122,42,22,184,172,237,139,0,136,193,252,16,136,242,6,1279,2111,1279,2111,1280,2112,0,0,1280,2112,1280,2112
pattern_00252,114,252,1783,100,1495,1129,79,45,744,1444,1508,1230,3170,6261,1,2,2,3105,28,1,37,84,72,15,162,86,101,55,143,233,228,178,161,35,66,1279,2111,1279,2111,1280,2112,0,0,1280,2112,1280,2112
pattern_00253,78,231,740,1625,1460,1593,1456,564,830,456,537,3331,4491,4779,1,2,2,1424,54,187,71,0,221,195,48,22,170,135,128,215,38,69,163,185,137,1279,2111,1279,2111,1280,2112,0,0,1280,2112,1280,2112
pattern_00254,161,121,594,267,643,823,649,1387,238,269,1930,4101,382,2894,0,1,2,2910,65,107,176,135,180,26,18,131,185,31,2,182,183,59,131,52,16,1279,2111,1279,2111,1280,2112,0,0,1280,2112,1280,2112
pattern_00255,167,120,1940,701,1487,1977,1592,827,1225,1347,1743,4846,3092,5890,1,2,2,2043,216,176,56,98,206,93,75,242,48,14,89,162,184,106,101,247,113,1279,2111,1279,2111,1280,2112,0,0,1280,2112,1280,2112
pattern_00256,74,235,1345,531,1387,469,1416,1486,927,728,1280,5026,6422,2994,0,0,2,3110,25,225,65,141,30,159,157,30,254,105,109,220,174,134,220,202,162,1279,2111,1279,2111,1280,2112,0,0,1280,2112,1280,2112
pattern_00257,190,153,1612,894,1679,468,311,865,1723,1064,1388,1946,5664,7831,1,2,1,842,100,192,161,13,190,126,195,247,112,54,72,203,22,230,63,144,207,1279,2111,1279,2111,1280,2112,0,0,1280,2112,1280,2112
pattern_00258,47,99,424,1351,942,887,106,859,61,1814,662,2892,996,2453,0,1,0,3941,128,201,170,8,4,74,106,210,233,193,246,206,27,110,242,221,90,1279,2111,1279,2111,1280,2112,0,0,1280,2112,1280,2112
pattern_00259,242,219,1586,500,1176,1395,629,13,833,1180,1196,2256,2064,5585,1,2,1,2158,242,52,224,224,82,241,206,74,112,157,66,143,196,77,27,227,61,1279,2111,1279,2111,1280,2112,0,0,1280,2112,1280,2112
pattern_00260,117,254,1456,1816,930,1836,263,704,1897,4,1075,4952,723,3778,0,2,1,1294,82,134,187,120,116,204,193,128,227,71,117,120,135,163,239,52,116,1279,2111,1279,2111,1280,2112,0,0,1280,2112,1280,2112
pattern_00261,139,145,995,723,1113,1083,826,2023,1152,1520,356,1205,1766,4481,1,2,0,1456,123,77,85,33,140,108,255,249,42,141,52,209,65,158,242,38,231,1279,2111,1279,2111,1280,2112,0,0,1280,2112,1280,2112
pattern_00262,120,26,1581,1001,1764,1873,1967,1648,1280,929,1173,235,5362,4662,1,0,2,3325,176,199,215,248,233,229,177,118,89,153,108,57,13,8,35,96,131,1279,2111,1279,2111,1280,2112,0,0,1280,2112,1280,2112
pattern_00263,25,37,383,987,1068,1373,1848,1199,1818,1744,1788,4821,2697,498,0,0,0,3352,97,170,46,205,220,52,107,225,173,49,179,28,46,199,232,184,10,1279,2111,1279,2111,1280,2112,0,0,1280,2112,1280,2112
pattern_00264,114,7,128,741,1362,1513,607,1859,896,1456,41,2862,6634,1575,0,0,1,3222,205,76,248,228,68,52,114,208,248,35,57,170,51,153,233,127,240,1279,2111,1279,2111,1280,2112,0,0,1280,2112,1280,2112
pattern_00265,142,10,1249,1449,645,609,1136,1691,270,1579,1692,1621,6642,1745,0,2,0,3564,0,0,0,0,0,0,0,0,0,0,0,0,0,0,0,0,0,1279,2111,1279,2111,1280,2112,0,0,1280,2112,1280,2112
pattern_00266,217,156,243,819,415,1463,290,1394,1835,1195,402,408,3435,741,0,0,0,3786,255,255,255,255,255,255,255,255,255,255,255,255,255,255,255,255,255,1279,2111,1279,2111,1280,2112,0,0,1280,2112,1280,2112
pattern_00267,164,186,1711,1879,869,422,1729,760,1810,887,1967,927,4239,8077,1,2,0,1280,12,80,10,149,90,245,78,110,35,141,78,119,72,33,145,214,148,1279,2111,1279,2111,1280,2112,0,0,1280,2112,1280,2112
pattern_00268,254,8,303,1594,962,1507,406,1661,51,645,1254,544,4895,3800,0,1,2,1303,11,66,72,93,13,188,105,229,4,209,14,204,34,163,88,85,217,1279,2111,1279,2111,1280,2112,0,0,1280,2112,1280,2112
pattern_00269,17,45,1138,184,2011,297,424,864,1332,712,1519,7881,347,7130,1,0,2,1416,74,208,59,133,86,199,147,117,35,100,136,53,204,6,238,136,88,1279,2111,1279,2111,1280,2112,0,0,1280,2112,1280,2112
pattern_00270,85,180,1163,222,199,635,569,85,1281,1427,500,5404,7301,6362,1,0,1,3670,1,137,8,140,128,52,68,152,55,114,186,18,247,172,219,178,49,1279,2111,1279,2111,1280,2112,0,0,1280,2112,1280,2112
pattern_00271,213,7,1409,1575,790,1237,1057,980,1629,1288,497,1935,7806,1660,0,0,0,715,175,43,83,205,204,26,170,218,237,175,228,178,198,198,117,21,163,1279,2111,1279,2111,1280,2112,0,0,1280,2112,1280,2112
pattern_00272,171,64,43,708,906,996,1467,566,1687,745,1345,3013,3432,7039,1,0,0,2473,57,107,149,20,177,174,203,161,248,167,184,211,161,100,216,151,136,1279,2111,1279,2111,1280,2112,0,0,1280,2112,1280,2112
pattern_00273,65,114,572,1528,1752,731,1409,648,381,613,645,2169,4265,8146,1,1,2,1802,135,190,41,157,107,34,200,242,142,84,67,42,53,147,176,19,119,1279,2111,1279,2111,1280,2112,0,0,1280,2112,1280,2112
pattern_00274,105,195,1872,1429,1695,1256,1174,1758,1084,1578,583,3167,2141,7494,1,2,0,4011,227,75,8,107,252,57,17,78,237,34,51,211,106,103,157,132,190,1279,2111,1279,2111,1280,2112,0,0,1280,2112,1280,2112
pattern_00275,69,37,1093,590,343,1772,1520,333,729,669,1364,1320,5715,537,0,0,0,2166,72,223,93,23,134,182,249,112,123,136,132,199,200,57,111,249,183,1279,2111,1279,2111,1280,2112,0,0,1280,2112,1280,2112
pattern_00276,181,209,1675,1132,817,1426,59,1635,560,1747,1703,335,1588,5230,1,1,0,483,140,221,125,63,137,16,144,197,35,85,227,222,43,242,15,113,203,1279,2111,1279,2111,1280,2112,0,0,1280,2112,1280,2112
pattern_00277,171,159,755,1202,990,1831,478,1127,1089,1927,1028,5042,6054,1204,0,2,0,3999,203,173,202,52,188,232,63,182,158,188,26,29,190,47,60,131,39,1279,2111,1279,2111,1280,2112,0,0,1280,2112,1280,2112
pattern_00278,84,192,1327,793,1818,146,1711,625,1261,68,585,69,5132,5470,1,0,2,2770,167,240,79,216,45,31,14,108,94,44,164,101,34,135,231,185,67,1279,2111,1279,2111,1280,2112,0,0,1280,2112,1280,2112
pattern_00279,154,234,639,1906,1182,2034,1703,939,1225,1697,177,1427,4356,3680,0,2,1,1787,66,49,188,162,172,193,74,1,61,231,110,140,61,228,252,85,223,1279,2111,1279,2111,1280,2112,0,0,1280,2112,1280,2112
pattern_00280,45,222,1518,1114,1988,66,1268,1138,163,533,1546,3961,2586,1591,0,0,1,2532,104,225,251,71,240,55,223,112,56,1,172,224,235,251,201,159,64,1279,2111,1279,2111,1280,2112,0,0,1280,2112,1280,2112
pattern_00281,206,190,1589,1580,861,338,1436,683,1792,300,497,783,5329,5716,1,0,0,2073,132,102,131,32,159,112,77,56,45,171,240,4,91,83,223,158,112,1279,2111,1279,2111,1280,2112,0,0,1280,2112,1280,2112
